,Success Rate,HCR,Time (s)
b1_euclidean,1.0,0.17886366541805365,1.039431324005127
b2_physics,1.0,0.21217669192519384,1.0511250925064086
b3_learned,1.0,0.21357458225513284,1.0452132368087768
b4_static,0.94,0.16025193356492926,1.0434757137298585
proposed,0.6,0.0140432126066801,1.0443222618103027
