,Success Rate,HCR,Time (s)
b1_euclidean,1.0,0.01377170868347339,1.0078561687469483
b2_physics,1.0,0.0066637426900584785,0.9912746286392212
b3_learned,1.0,0.0070208855472013365,0.9907178258895875
b4_static,1.0,0.005687552213868003,0.9960645055770874
proposed,1.0,0.0021637426900584793,1.003932704925537
